{
  "logistic_regression": {
    "confusion_matrix": [
      [
        4220,
        311
      ],
      [
        568,
        934
      ]
    ],
    "classification_report": {
      "0": {
        "precision": 0.8813700918964077,
        "recall": 0.9313617303023615,
        "f1-score": 0.9056765747397789,
        "support": 4531.0
      },
      "1": {
        "precision": 0.7502008032128514,
        "recall": 0.6218375499334221,
        "f1-score": 0.6800145613396432,
        "support": 1502.0
      },
      "accuracy": 0.8543013426156141,
      "macro avg": {
        "precision": 0.8157854475546296,
        "recall": 0.7765996401178918,
        "f1-score": 0.7928455680397111,
        "support": 6033.0
      },
      "weighted avg": {
        "precision": 0.8487136570211049,
        "recall": 0.8543013426156141,
        "f1-score": 0.8494948502035609,
        "support": 6033.0
      }
    }
  },
  "decision_tree": {
    "confusion_matrix": [
      [
        3982,
        549
      ],
      [
        566,
        936
      ]
    ],
    "classification_report": {
      "0": {
        "precision": 0.8755496921723834,
        "recall": 0.8788346943279629,
        "f1-score": 0.8771891177442449,
        "support": 4531.0
      },
      "1": {
        "precision": 0.6303030303030303,
        "recall": 0.6231691078561917,
        "f1-score": 0.6267157683294275,
        "support": 1502.0
      },
      "accuracy": 0.8151831592905685,
      "macro avg": {
        "precision": 0.7529263612377068,
        "recall": 0.7510019010920773,
        "f1-score": 0.7519524430368363,
        "support": 6033.0
      },
      "weighted avg": {
        "precision": 0.8144920946043794,
        "recall": 0.8151831592905685,
        "f1-score": 0.8148302629752981,
        "support": 6033.0
      }
    }
  },
  "knn": {
    "confusion_matrix": [
      [
        4098,
        433
      ],
      [
        568,
        934
      ]
    ],
    "classification_report": {
      "0": {
        "precision": 0.8782683240462923,
        "recall": 0.9044361068196866,
        "f1-score": 0.8911601609220398,
        "support": 4531.0
      },
      "1": {
        "precision": 0.6832479882955377,
        "recall": 0.6218375499334221,
        "f1-score": 0.6510979435343325,
        "support": 1502.0
      },
      "accuracy": 0.8340792308967346,
      "macro avg": {
        "precision": 0.7807581561709149,
        "recall": 0.7631368283765543,
        "f1-score": 0.7711290522281862,
        "support": 6033.0
      },
      "weighted avg": {
        "precision": 0.8297152750992288,
        "recall": 0.8340792308967346,
        "f1-score": 0.8313933035515215,
        "support": 6033.0
      }
    }
  },
  "naive_bayes": {
    "confusion_matrix": [
      [
        2201,
        2330
      ],
      [
        77,
        1425
      ]
    ],
    "classification_report": {
      "0": {
        "precision": 0.966198419666374,
        "recall": 0.4857647318472743,
        "f1-score": 0.6464972830077839,
        "support": 4531.0
      },
      "1": {
        "precision": 0.3794940079893475,
        "recall": 0.9487350199733688,
        "f1-score": 0.5421342971276394,
        "support": 1502.0
      },
      "accuracy": 0.6010276810873529,
      "macro avg": {
        "precision": 0.6728462138278608,
        "recall": 0.7172498759103216,
        "f1-score": 0.5943157900677116,
        "support": 6033.0
      },
      "weighted avg": {
        "precision": 0.8201301242347656,
        "recall": 0.6010276810873529,
        "f1-score": 0.6205146533389662,
        "support": 6033.0
      }
    }
  },
  "random_forest": {
    "confusion_matrix": [
      [
        4223,
        308
      ],
      [
        538,
        964
      ]
    ],
    "classification_report": {
      "0": {
        "precision": 0.886998529720647,
        "recall": 0.9320238357978371,
        "f1-score": 0.908953938872148,
        "support": 4531.0
      },
      "1": {
        "precision": 0.7578616352201258,
        "recall": 0.6418109187749668,
        "f1-score": 0.6950252343186734,
        "support": 1502.0
      },
      "accuracy": 0.859771258080557,
      "macro avg": {
        "precision": 0.8224300824703864,
        "recall": 0.786917377286402,
        "f1-score": 0.8019895865954108,
        "support": 6033.0
      },
      "weighted avg": {
        "precision": 0.8548480878940627,
        "recall": 0.859771258080557,
        "f1-score": 0.8556933862052628,
        "support": 6033.0
      }
    }
  },
  "xgboost": {
    "confusion_matrix": [
      [
        4264,
        267
      ],
      [
        477,
        1025
      ]
    ],
    "classification_report": {
      "0": {
        "precision": 0.8993883147015398,
        "recall": 0.9410726109026705,
        "f1-score": 0.9197584124245038,
        "support": 4531.0
      },
      "1": {
        "precision": 0.7933436532507739,
        "recall": 0.6824234354194407,
        "f1-score": 0.733715103793844,
        "support": 1502.0
      },
      "accuracy": 0.8766782695176529,
      "macro avg": {
        "precision": 0.8463659839761568,
        "recall": 0.8117480231610557,
        "f1-score": 0.8267367581091739,
        "support": 6033.0
      },
      "weighted avg": {
        "precision": 0.8729870083035537,
        "recall": 0.8766782695176529,
        "f1-score": 0.8734403203371094,
        "support": 6033.0
      }
    }
  }
}
